{
  "n_estimators": 369,
  "learning_rate": 0.19647349264555727,
  "max_depth": 4,
  "subsample": 0.6008245211784731,
  "colsample_bytree": 0.6268131817336196,
  "min_child_weight": 7,
  "gamma": 2.6168058445714832,
  "reg_alpha": 0.6087325356489297,
  "reg_lambda": 1.210518410973068,
  "tree_method": "hist",
  "device": "cuda"
}