{
  "n_estimators": 419,
  "learning_rate": 0.014404747882441489,
  "max_depth": 6,
  "subsample": 0.7832423802278206,
  "colsample_bytree": 0.6541470313614793,
  "min_child_weight": 6,
  "gamma": 2.6317738477063575,
  "reg_alpha": 1.020195323594977,
  "reg_lambda": 1.3208101411257764,
  "tree_method": "hist",
  "device": "cuda"
}