{
  "n_estimators": 572,
  "learning_rate": 0.18614468775456586,
  "max_depth": 4,
  "subsample": 0.76499790996286,
  "colsample_bytree": 0.7856619910189139,
  "min_child_weight": 2,
  "gamma": 2.4968180129770823,
  "reg_alpha": 0.9321232325302453,
  "reg_lambda": 1.3478256106979305,
  "tree_method": "hist",
  "device": "cuda"
}