{
  "n_estimators": 738,
  "learning_rate": 0.02172701523709516,
  "max_depth": 4,
  "subsample": 0.7519269955920154,
  "colsample_bytree": 0.6949016227203313,
  "min_child_weight": 8,
  "gamma": 2.254950340110696,
  "reg_alpha": 0.7333433614239757,
  "reg_lambda": 1.548307272932578,
  "tree_method": "hist",
  "device": "cuda"
}