{
  "n_estimators": 382,
  "learning_rate": 0.08952738767633436,
  "max_depth": 4,
  "subsample": 0.6187438490940399,
  "colsample_bytree": 0.9098953132435037,
  "min_child_weight": 7,
  "gamma": 0.2733690994718796,
  "reg_alpha": 0.2223743388131154,
  "reg_lambda": 0.9734996528800295,
  "tree_method": "hist",
  "device": "cuda"
}