{
  "n_estimators": 507,
  "learning_rate": 0.018547543919234945,
  "max_depth": 8,
  "subsample": 0.7511440238413041,
  "colsample_bytree": 0.8094225228966082,
  "min_child_weight": 10,
  "gamma": 1.4420564519649544,
  "reg_alpha": 0.9602578482910014,
  "reg_lambda": 1.833983028728004,
  "tree_method": "hist",
  "device": "cuda"
}