{
  "n_estimators": 593,
  "learning_rate": 0.08619963598419238,
  "max_depth": 8,
  "subsample": 0.606831347046144,
  "colsample_bytree": 0.6540185850478353,
  "min_child_weight": 3,
  "gamma": 4.890722430224353,
  "reg_alpha": 1.0711315956987852,
  "reg_lambda": 1.4270160197907082,
  "tree_method": "hist",
  "device": "cuda"
}