{
  "n_estimators": 455,
  "learning_rate": 0.06424918342334365,
  "max_depth": 4,
  "subsample": 0.8123694573042153,
  "colsample_bytree": 0.9848276759350404,
  "min_child_weight": 1,
  "gamma": 3.2758391167001077,
  "reg_alpha": 0.5404142695520726,
  "reg_lambda": 1.042366608623625,
  "tree_method": "hist",
  "device": "cuda"
}