{
  "n_estimators": 743,
  "learning_rate": 0.03756197114838256,
  "max_depth": 6,
  "subsample": 0.8272692375189286,
  "colsample_bytree": 0.8318849121475522,
  "min_child_weight": 5,
  "gamma": 4.9188814919252675,
  "reg_alpha": 0.7885151437175735,
  "reg_lambda": 0.19412556609608322,
  "tree_method": "hist",
  "device": "cuda"
}