{
  "n_estimators": 529,
  "learning_rate": 0.20721081927612725,
  "max_depth": 6,
  "subsample": 0.7274420442525091,
  "colsample_bytree": 0.7396938943981664,
  "min_child_weight": 5,
  "gamma": 3.3512549724280367,
  "reg_alpha": 0.7800399463656342,
  "reg_lambda": 0.7988959520927175,
  "tree_method": "hist",
  "device": "cuda"
}