{
  "n_estimators": 272,
  "learning_rate": 0.12440258342022997,
  "max_depth": 4,
  "subsample": 0.6053933834961776,
  "colsample_bytree": 0.8674018890636309,
  "min_child_weight": 3,
  "gamma": 0.6635543923542914,
  "reg_alpha": 0.7076194358121264,
  "reg_lambda": 1.9565692235754888,
  "tree_method": "hist",
  "device": "cuda"
}