{
  "n_estimators": 189,
  "learning_rate": 0.05784172677160017,
  "max_depth": 4,
  "subsample": 0.7472254796056303,
  "colsample_bytree": 0.7369510354252097,
  "min_child_weight": 10,
  "gamma": 0.31934179841937693,
  "reg_alpha": 1.2956313485673947,
  "reg_lambda": 0.7857672198198928,
  "tree_method": "hist",
  "device": "cuda"
}