{
  "n_estimators": 277,
  "learning_rate": 0.012781856345477615,
  "max_depth": 3,
  "subsample": 0.7526726051776867,
  "colsample_bytree": 0.859425273085676,
  "min_child_weight": 5,
  "gamma": 1.1798862070042988,
  "reg_alpha": 0.4823579600595256,
  "reg_lambda": 0.11669094016170423,
  "tree_method": "hist",
  "device": "cuda"
}