{
  "n_estimators": 672,
  "learning_rate": 0.1279202992513704,
  "max_depth": 8,
  "subsample": 0.7965667898476922,
  "colsample_bytree": 0.9823132747057882,
  "min_child_weight": 10,
  "gamma": 4.516878574983889,
  "reg_alpha": 0.8183617100231952,
  "reg_lambda": 1.2943574409844851,
  "tree_method": "hist",
  "device": "cuda"
}