{
  "n_estimators": 210,
  "learning_rate": 0.01469398376855159,
  "max_depth": 8,
  "subsample": 0.9758928306825597,
  "colsample_bytree": 0.9069459416208657,
  "min_child_weight": 3,
  "gamma": 0.26816921488739265,
  "reg_alpha": 1.5909088197473569,
  "reg_lambda": 0.527842284550675,
  "tree_method": "hist",
  "device": "cuda"
}