{
  "n_estimators": 223,
  "learning_rate": 0.02649226232028309,
  "max_depth": 6,
  "subsample": 0.8652393149983238,
  "colsample_bytree": 0.6128978655584372,
  "min_child_weight": 6,
  "gamma": 0.9363799446133758,
  "reg_alpha": 1.5045335005939062,
  "reg_lambda": 0.7100611825616359,
  "tree_method": "hist",
  "device": "cuda"
}