{
  "n_estimators": 772,
  "learning_rate": 0.03323758792876781,
  "max_depth": 5,
  "subsample": 0.8520886791211728,
  "colsample_bytree": 0.7257134771908285,
  "min_child_weight": 5,
  "gamma": 4.362258871267338,
  "reg_alpha": 0.9739836901779071,
  "reg_lambda": 0.3685599618864519,
  "tree_method": "hist",
  "device": "cuda"
}