{
  "n_estimators": 792,
  "learning_rate": 0.06730361339914165,
  "max_depth": 8,
  "subsample": 0.7345652137053611,
  "colsample_bytree": 0.8114010806492395,
  "min_child_weight": 10,
  "gamma": 2.984169812867135,
  "reg_alpha": 0.3440430600048072,
  "reg_lambda": 1.5396702679463017,
  "tree_method": "hist",
  "device": "cuda"
}