{
  "n_estimators": 333,
  "learning_rate": 0.14626446597146786,
  "max_depth": 4,
  "subsample": 0.9326900891979903,
  "colsample_bytree": 0.972416269529716,
  "min_child_weight": 2,
  "gamma": 1.1111603451141971,
  "reg_alpha": 0.16447410271409657,
  "reg_lambda": 1.5877404103655925,
  "tree_method": "hist",
  "device": "cuda"
}