{
  "n_estimators": 140,
  "learning_rate": 0.1420451098499474,
  "max_depth": 4,
  "subsample": 0.6928940925573471,
  "colsample_bytree": 0.9603228938310835,
  "min_child_weight": 4,
  "gamma": 2.559796877336008,
  "reg_alpha": 1.4587251762352662,
  "reg_lambda": 1.6374042578959442,
  "tree_method": "hist",
  "device": "cuda"
}