{
  "n_estimators": 556,
  "learning_rate": 0.05567573170551005,
  "max_depth": 8,
  "subsample": 0.6415884777948462,
  "colsample_bytree": 0.998384858315615,
  "min_child_weight": 9,
  "gamma": 3.97355597930626,
  "reg_alpha": 1.4417295987312617,
  "reg_lambda": 0.011726160454119894,
  "tree_method": "hist",
  "device": "cuda"
}