{
  "n_estimators": 712,
  "learning_rate": 0.025872912424991,
  "max_depth": 7,
  "subsample": 0.8144798783968002,
  "colsample_bytree": 0.663495105379378,
  "min_child_weight": 8,
  "gamma": 1.3500713153014055,
  "reg_alpha": 1.4302338823961618,
  "reg_lambda": 0.6630123644279973,
  "tree_method": "hist",
  "device": "cuda"
}