{
  "n_estimators": 378,
  "learning_rate": 0.18867269540529333,
  "max_depth": 7,
  "subsample": 0.8030189576062636,
  "colsample_bytree": 0.913217131266569,
  "min_child_weight": 1,
  "gamma": 0.3476900533326194,
  "reg_alpha": 1.4304742569744768,
  "reg_lambda": 1.0198677293544423,
  "tree_method": "hist",
  "device": "cuda"
}