{
  "n_estimators": 285,
  "learning_rate": 0.02317658541582983,
  "max_depth": 7,
  "subsample": 0.9773406872484229,
  "colsample_bytree": 0.6096841153509271,
  "min_child_weight": 10,
  "gamma": 0.5871674468435378,
  "reg_alpha": 1.9873271535175392,
  "reg_lambda": 1.6002246169106678,
  "tree_method": "hist",
  "device": "cuda"
}