{
  "n_estimators": 250,
  "learning_rate": 0.24244178028833946,
  "max_depth": 6,
  "subsample": 0.7864526747835969,
  "colsample_bytree": 0.7661338156737194,
  "min_child_weight": 8,
  "gamma": 4.249915179862793,
  "reg_alpha": 1.0517621238624355,
  "reg_lambda": 0.766213603879949,
  "tree_method": "hist",
  "device": "cuda"
}