{
  "n_estimators": 694,
  "learning_rate": 0.016230780457716424,
  "max_depth": 6,
  "subsample": 0.8726422483796761,
  "colsample_bytree": 0.6360811704866248,
  "min_child_weight": 9,
  "gamma": 1.0983879653864932,
  "reg_alpha": 1.5668927907246544,
  "reg_lambda": 0.7891945310887825,
  "tree_method": "hist",
  "device": "cuda"
}