{
  "n_estimators": 735,
  "learning_rate": 0.052129842776630075,
  "max_depth": 3,
  "subsample": 0.6584615833457463,
  "colsample_bytree": 0.7633355164925681,
  "min_child_weight": 5,
  "gamma": 0.013653682084979746,
  "reg_alpha": 1.7063715346228236,
  "reg_lambda": 1.7137481275663422,
  "tree_method": "hist",
  "device": "cuda"
}