{
  "n_estimators": 337,
  "learning_rate": 0.13567314582670803,
  "max_depth": 6,
  "subsample": 0.8877690166440004,
  "colsample_bytree": 0.9602670292803028,
  "min_child_weight": 6,
  "gamma": 0.08251609158363593,
  "reg_alpha": 1.8643832035636165,
  "reg_lambda": 0.6102225743851548,
  "tree_method": "hist",
  "device": "cuda"
}