{
  "n_estimators": 795,
  "learning_rate": 0.15323650847957135,
  "max_depth": 6,
  "subsample": 0.9604916454024263,
  "colsample_bytree": 0.6982051995926201,
  "min_child_weight": 2,
  "gamma": 3.053280539800633,
  "reg_alpha": 0.21689457941700874,
  "reg_lambda": 0.022749361934755408,
  "tree_method": "hist",
  "device": "cuda"
}