{
  "n_estimators": 231,
  "learning_rate": 0.01341739379519341,
  "max_depth": 5,
  "subsample": 0.7265496313098605,
  "colsample_bytree": 0.7497741115250337,
  "min_child_weight": 1,
  "gamma": 4.110836274030861,
  "reg_alpha": 1.5668410048193508,
  "reg_lambda": 1.0466651867677972,
  "tree_method": "hist",
  "device": "cuda"
}