{
  "n_estimators": 776,
  "learning_rate": 0.02458679645101288,
  "max_depth": 6,
  "subsample": 0.8771662995791859,
  "colsample_bytree": 0.8563125597143848,
  "min_child_weight": 4,
  "gamma": 3.714685756930145,
  "reg_alpha": 0.8178959437475635,
  "reg_lambda": 0.26407494329741055,
  "tree_method": "hist",
  "device": "cuda"
}