{
  "n_estimators": 227,
  "learning_rate": 0.029204272394836153,
  "max_depth": 5,
  "subsample": 0.9904519195971973,
  "colsample_bytree": 0.7244522908545054,
  "min_child_weight": 6,
  "gamma": 2.6373609240589535,
  "reg_alpha": 0.7208985015836062,
  "reg_lambda": 0.5223777238530827,
  "tree_method": "hist",
  "device": "cuda"
}