{
  "n_estimators": 291,
  "learning_rate": 0.018320740313717786,
  "max_depth": 3,
  "subsample": 0.7724878450212926,
  "colsample_bytree": 0.6123802645039306,
  "min_child_weight": 7,
  "gamma": 0.11504329392707069,
  "reg_alpha": 1.408066416814577,
  "reg_lambda": 1.9388474380968101,
  "tree_method": "hist",
  "device": "cuda"
}