{
  "n_estimators": 250,
  "learning_rate": 0.20047565472137277,
  "max_depth": 4,
  "subsample": 0.6021103743505742,
  "colsample_bytree": 0.9951032063612675,
  "min_child_weight": 5,
  "gamma": 2.1607822060801536,
  "reg_alpha": 1.3850745289410262,
  "reg_lambda": 0.628836357050343,
  "tree_method": "hist",
  "device": "cuda"
}