{
  "n_estimators": 242,
  "learning_rate": 0.06645166415341215,
  "max_depth": 4,
  "subsample": 0.6918309691939988,
  "colsample_bytree": 0.8643835066216066,
  "min_child_weight": 2,
  "gamma": 2.0468555900836316,
  "reg_alpha": 0.22197591828323637,
  "reg_lambda": 1.7897819546626907,
  "tree_method": "hist",
  "device": "cuda"
}