{
  "n_estimators": 769,
  "learning_rate": 0.02010192363172919,
  "max_depth": 4,
  "subsample": 0.698543411927675,
  "colsample_bytree": 0.7741409704308431,
  "min_child_weight": 4,
  "gamma": 2.088567399214586,
  "reg_alpha": 1.3167531982487548,
  "reg_lambda": 1.506880356799885,
  "tree_method": "hist",
  "device": "cuda"
}