{
  "n_estimators": 751,
  "learning_rate": 0.01672928882553752,
  "max_depth": 8,
  "subsample": 0.6377485797831122,
  "colsample_bytree": 0.747078915935885,
  "min_child_weight": 8,
  "gamma": 1.2029895793038965,
  "reg_alpha": 0.8128377418869608,
  "reg_lambda": 1.589752125833553,
  "tree_method": "hist",
  "device": "cuda"
}