{
  "n_estimators": 658,
  "learning_rate": 0.04875682512255284,
  "max_depth": 7,
  "subsample": 0.8741046964569666,
  "colsample_bytree": 0.6103919145704356,
  "min_child_weight": 4,
  "gamma": 0.434643282193497,
  "reg_alpha": 0.8393027544103866,
  "reg_lambda": 1.0082778125771021,
  "tree_method": "hist",
  "device": "cuda"
}