{
  "n_estimators": 121,
  "learning_rate": 0.022002389246767364,
  "max_depth": 6,
  "subsample": 0.6843537683408176,
  "colsample_bytree": 0.781420195521477,
  "min_child_weight": 9,
  "gamma": 4.507232039667237,
  "reg_alpha": 1.7046443266305862,
  "reg_lambda": 0.2881424745596206,
  "tree_method": "hist",
  "device": "cuda"
}