{
  "n_estimators": 151,
  "learning_rate": 0.010897035672043667,
  "max_depth": 8,
  "subsample": 0.7523855351040948,
  "colsample_bytree": 0.8466908233424937,
  "min_child_weight": 4,
  "gamma": 1.7486284858061318,
  "reg_alpha": 0.6433859641326625,
  "reg_lambda": 1.7561808861853707,
  "tree_method": "hist",
  "device": "cuda"
}