{
  "n_estimators": 161,
  "learning_rate": 0.04920970903933778,
  "max_depth": 5,
  "subsample": 0.8164180501700492,
  "colsample_bytree": 0.7199736016147879,
  "min_child_weight": 6,
  "gamma": 1.1689851559599296,
  "reg_alpha": 1.1962700909836836,
  "reg_lambda": 0.8120640137487005,
  "tree_method": "hist",
  "device": "cuda"
}