{
  "n_estimators": 260,
  "learning_rate": 0.013966646202828389,
  "max_depth": 5,
  "subsample": 0.9400392928741523,
  "colsample_bytree": 0.811626344473018,
  "min_child_weight": 9,
  "gamma": 2.127474148633901,
  "reg_alpha": 1.8935594521525574,
  "reg_lambda": 0.9791995446241131,
  "tree_method": "hist",
  "device": "cuda"
}