{
  "n_estimators": 673,
  "learning_rate": 0.025535274792390802,
  "max_depth": 7,
  "subsample": 0.8315694421613834,
  "colsample_bytree": 0.9587820749660358,
  "min_child_weight": 10,
  "gamma": 3.6173024276944736,
  "reg_alpha": 0.6913633874106535,
  "reg_lambda": 0.11194249014938928,
  "tree_method": "hist",
  "device": "cuda"
}