{
  "n_estimators": 760,
  "learning_rate": 0.01592425081865684,
  "max_depth": 3,
  "subsample": 0.7670432842293012,
  "colsample_bytree": 0.89429122573407,
  "min_child_weight": 6,
  "gamma": 4.572654516403343,
  "reg_alpha": 1.196484039194785,
  "reg_lambda": 1.9756145593706993,
  "tree_method": "hist",
  "device": "cuda"
}