{
  "n_estimators": 343,
  "learning_rate": 0.011439179750034506,
  "max_depth": 8,
  "subsample": 0.8899742494769542,
  "colsample_bytree": 0.9837462548431728,
  "min_child_weight": 1,
  "gamma": 0.24460881953550395,
  "reg_alpha": 0.4780236333015666,
  "reg_lambda": 0.503482413114515,
  "tree_method": "hist",
  "device": "cuda"
}