{
  "n_estimators": 306,
  "learning_rate": 0.16910196515057488,
  "max_depth": 3,
  "subsample": 0.6589748711328325,
  "colsample_bytree": 0.7335855996892464,
  "min_child_weight": 8,
  "gamma": 1.087979923746628,
  "reg_alpha": 0.15468275480715832,
  "reg_lambda": 0.24276869999423734,
  "tree_method": "hist",
  "device": "cuda"
}