{
  "n_estimators": 591,
  "learning_rate": 0.02136286714808016,
  "max_depth": 3,
  "subsample": 0.9894568478399718,
  "colsample_bytree": 0.9584110763047241,
  "min_child_weight": 3,
  "gamma": 1.5079137238976532,
  "reg_alpha": 1.630758043148522,
  "reg_lambda": 1.3247949044869702,
  "tree_method": "hist",
  "device": "cuda"
}