{
  "n_estimators": 272,
  "learning_rate": 0.01589687381738113,
  "max_depth": 7,
  "subsample": 0.6980109925473568,
  "colsample_bytree": 0.7411671915831614,
  "min_child_weight": 10,
  "gamma": 2.7310915330686147,
  "reg_alpha": 1.3675969812829234,
  "reg_lambda": 1.2849534537381284,
  "tree_method": "hist",
  "device": "cuda"
}