{
  "n_estimators": 449,
  "learning_rate": 0.013985166997598757,
  "max_depth": 6,
  "subsample": 0.6534445315524866,
  "colsample_bytree": 0.857133505521916,
  "min_child_weight": 10,
  "gamma": 2.349264067606902,
  "reg_alpha": 0.8294294888752825,
  "reg_lambda": 1.1003620570189367,
  "tree_method": "hist",
  "device": "cuda"
}