{
  "n_estimators": 744,
  "learning_rate": 0.02137017432164328,
  "max_depth": 7,
  "subsample": 0.8645433258367141,
  "colsample_bytree": 0.835718983587401,
  "min_child_weight": 9,
  "gamma": 4.41936587328136,
  "reg_alpha": 1.7601045902345738,
  "reg_lambda": 0.0911835851135232,
  "tree_method": "hist",
  "device": "cuda"
}