{
  "n_estimators": 229,
  "learning_rate": 0.1113288486652209,
  "max_depth": 6,
  "subsample": 0.8806764811806513,
  "colsample_bytree": 0.8842983153148309,
  "min_child_weight": 6,
  "gamma": 2.320158544817381,
  "reg_alpha": 1.5278478634535246,
  "reg_lambda": 0.5620429726178799,
  "tree_method": "hist",
  "device": "cuda"
}