{
  "n_estimators": 730,
  "learning_rate": 0.19193365725895462,
  "max_depth": 7,
  "subsample": 0.7543064943116382,
  "colsample_bytree": 0.726485763823655,
  "min_child_weight": 3,
  "gamma": 0.2477898942419715,
  "reg_alpha": 1.0401111438220505,
  "reg_lambda": 0.4151701850959484,
  "tree_method": "hist",
  "device": "cuda"
}