{
  "n_estimators": 162,
  "learning_rate": 0.1505644722310941,
  "max_depth": 7,
  "subsample": 0.8347690749794767,
  "colsample_bytree": 0.8385587876015745,
  "min_child_weight": 4,
  "gamma": 3.3443519984790164,
  "reg_alpha": 0.7625686147452779,
  "reg_lambda": 0.7024016112644937,
  "tree_method": "hist",
  "device": "cuda"
}