{
  "n_estimators": 445,
  "learning_rate": 0.14264624879214255,
  "max_depth": 7,
  "subsample": 0.6383826679715153,
  "colsample_bytree": 0.9304194615566804,
  "min_child_weight": 10,
  "gamma": 3.008818338463342,
  "reg_alpha": 0.062184186493986715,
  "reg_lambda": 0.9416932355078573,
  "tree_method": "hist",
  "device": "cuda"
}