{
  "n_estimators": 774,
  "learning_rate": 0.11855430109213763,
  "max_depth": 4,
  "subsample": 0.859777205504388,
  "colsample_bytree": 0.7485430155079877,
  "min_child_weight": 3,
  "gamma": 3.7709124193105223,
  "reg_alpha": 0.43750334164579163,
  "reg_lambda": 0.8430025271770867,
  "tree_method": "hist",
  "device": "cuda"
}