{
  "n_estimators": 758,
  "learning_rate": 0.018474571876815307,
  "max_depth": 6,
  "subsample": 0.6490939847307527,
  "colsample_bytree": 0.9376128976797009,
  "min_child_weight": 4,
  "gamma": 4.463565335234375,
  "reg_alpha": 1.3746521938885605,
  "reg_lambda": 0.11495805147349936,
  "tree_method": "hist",
  "device": "cuda"
}