{
  "n_estimators": 327,
  "learning_rate": 0.01498428262148329,
  "max_depth": 3,
  "subsample": 0.7161965736992593,
  "colsample_bytree": 0.8247828838912374,
  "min_child_weight": 8,
  "gamma": 2.401977000212572,
  "reg_alpha": 1.0036047574667117,
  "reg_lambda": 0.8066119953252184,
  "tree_method": "hist",
  "device": "cuda"
}