{
  "n_estimators": 703,
  "learning_rate": 0.07273340187115782,
  "max_depth": 4,
  "subsample": 0.914024765382838,
  "colsample_bytree": 0.8697316785039841,
  "min_child_weight": 8,
  "gamma": 3.2261795567111213,
  "reg_alpha": 0.7901917633063718,
  "reg_lambda": 1.508178572788288,
  "tree_method": "hist",
  "device": "cuda"
}